{"cameraMode":{"drawMode":0,"name":"Shaded","section":"Shading Mode"},"sceneLighting":true,"audioPlay":false,"sceneViewState":{"showFog":true,"showMaterialUpdate":false,"showSkybox":true,"showFlares":true,"showImageEffects":true,"showParticleSystems":true},"in2DMode":false,"pivot":{"x":102.40568542480469,"y":47.27262878417969,"z":151.0254364013672},"rotation":{"x":0.020060686394572259,"y":0.9412730932235718,"z":-0.05683690682053566,"w":0.332223117351532},"size":158.37901306152345,"orthographic":false}