{"cameraMode":{"drawMode":0,"name":"Shaded","section":"Shading Mode"},"sceneLighting":true,"audioPlay":false,"sceneViewState":{"showFog":true,"showMaterialUpdate":false,"showSkybox":true,"showFlares":true,"showImageEffects":true,"showParticleSystems":true},"in2DMode":false,"pivot":{"x":78.58999633789063,"y":39.5,"z":175.7239990234375},"rotation":{"x":0.08091095089912415,"y":0.011046704836189747,"z":-0.0008959724800661206,"w":0.9966597557067871},"size":11.548234939575196,"orthographic":false}