{"cameraMode":{"drawMode":0,"name":"Shaded","section":"Shading Mode"},"sceneLighting":false,"audioPlay":false,"sceneViewState":{"showFog":true,"showMaterialUpdate":false,"showSkybox":true,"showFlares":true,"showImageEffects":true,"showParticleSystems":true},"in2DMode":false,"pivot":{"x":128.0,"y":25.0736083984375,"z":127.42152404785156},"rotation":{"x":0.020060686394572259,"y":0.9412730932235718,"z":-0.05683690682053566,"w":0.332223117351532},"size":490.0899963378906,"orthographic":false}